Reference,Label
Al-Abrasyi. (1987). al-Tarbiyyah al-Islamiyyah Dasar-dasar Pokok Pendidikan Islam. Terj. Oleh Bustami A.Ghani. dan Djohar Bahry. Jakarta: Bulan Bintang.,Buku
"Alavi. (2007). “Al-Ghazali on Moral Education”, dalam Jurnal of Moral Education.Vol. 36, No. 3, September 2007, pp. 309-319. ISSN 1465-3877  2007 (online)/07/030309-11. London: Routledge Publisher.",Jurnal
"Alpiyanto. (2014).  Aplikasi Pendidikan Karakter & Pembelajaran yang mencerdaskan Berbasis Hati Nurani,  Yogyakarta: Ar-Ruzz Media.",Buku
"Koesoema, Doni. (2014). Pendidikan Karakter Utuh Dan Menyeluruh. Yogyakarta: Kanisius",Buku
"Moleong, Lexy J. (2001). Metode Penelitian Kualitatif. Bandung: Remaja Rosdakarya.",Buku
Mulyasa. (2014). Manajemen Pendidikan Karakter. Jakarta: Bumi Aksara.,Buku
"Muslich, Masnur. (2013). Pendidikan Karakter: Menjawab Tantangan Krisis Multidimensional. Jakarta: PT Bumi Aksara.",Buku
"Sudjana, Nana. (1999). Penilaian Hasil Proses Belajar Mengajar. Bandung: Remaja Roesdakarya",Buku
Sugiyono. (2009). Metode Penelitian Pendidikan. Bandung: Alfabeta.,Buku
Suparlan. (2015). Mendidik hati membentuk karakter. Yogyakarta:Pustaka Pelajar.,Buku
"Wiyani, Novan Ardy. (2012). Pendidikan Karakter Berbasis Iman dan Taqwa. Yogyakarta: SUKSES Offset.",Buku
"Matthews, J. (1999). The art of childhood and adolescence: The construction of meaning. London, England: Falmer Press.",Buku
"Colclough, B., & Colclough, J. (1999). A challenge to change. London, England: Thorsons.",Buku
"Rosenthal, R., Rosnow, R. L., & Rubin, D. B. (2000). Contrasts and effect sizes in behavioral research: A correlational approach. Cambridge, England: Cambridge University Press.",Buku
"Snyder, C. R. (Ed.). (1999). Coping: The psychology of what works. New York, NY: Oxford University Press.",Buku
"Newcomb, H. (Ed.). (2000). Television: The critical view (6th ed.). New York, NY: Oxford University Press.",Buku
"The Blackwell dictionary of cognitive psychology. (1991). Oxford, England: Blackwell.",Buku
"Mandl, H., et al. (Eds.). (n.d.). Learning and instruction: European research in an international context. (Vol. 2). Oxford, England: Pergamon.",Buku
"Kubler-Ross, E. (1993a). AIDS: The ultimate challenge. New York, NY: Collier Books.",Buku
"Kubler-Ross, E. (1993b). Questions and answers on death and dying. New York, NY: Collier Books.",Buku
"Russell, B. (1967). The autobiography of Bertrand Russell (Vols. 1-3). London, England: Allen & Unwin.",Buku
"Bonino S., Cattelino E., & Ciairano, S. (2005). Adolescents and risk: Behavior, functions, and protective factors. (L. McDonald, Trans.). Milan, Italy : Springer. (Original work published 2003).",Buku
"American Educational Research Association. (1985). Standards for educational and psychological testing. Washington, DC: American Psychological Association.",Buku
"Australian Institute of Health and Welfare. (1999). Australia's young people: Their health and wellbeing, the report on the health of young people aged 12-24 years. Canberra, ACT: AIHW.",Buku
"Australia. Department of Health and Aged Care. (1999). Mental health: A report focusing on depression, 1998. Canberra, ACT: AGPS.",Buku
"Western Australia. Office of Citizenship and Multicultural Interests. (2000). 2000 migrant services directory: A Western Australian guide for migrants and service providers. Perth, WA: Office of Citizenship and Multicultural Interests.",Buku
"Friese, C., Hofmann, W., & Wanke, M. (2003). The impulsive consumer: Predicting consumer behavior with implicit reaction time measures. In M. Wanke (Ed.), Social psychology of consumer behavior (pp. 335-364). New York, NY: Psychology Press.",Buku
"Hine, C. (2001). Ethnography in the laboratory. In D. N. Gellner & E. Hirsch (Eds.), Inside organizations: Anthropologists at work (pp. 61-76). Oxford, England: Berg.",Buku
"Hine, C. (2001). Ethnography in the laboratory. In D. N. Gellner & E. Hirsch (Eds.), Inside organizations: Anthropologists at work (pp. 61-76). Oxford, England: Berg.",Buku
"Ford-Martin, P. (2003). Cognitive-behavioral therapy. In E. Thackery & M. Harris (Eds.), Gale encyclopedia of mental disorders (Vol. 1, pp. 226-228). Detroit, MI: Gale.",Buku
"Mental disorders and their treatment. (1987). In The new encyclopaedia Britannica (5th ed., Vol. 23, pp. 956-975). Chicago, IL: Encyclopaedia Britannica.",Buku
"W.-K. Chen, Linear Networks and Systems. Belmont, CA: Wadsworth, 1993, pp. 123-135.",Buku
"S. M. Hemmington, Soft Science. Saskatoon: University of Saskatchewan Press, 1997.",Buku
"D. Sarunyagate, Ed., Lasers. New York: McGraw-Hill, 1996.",Buku
"T. Jordan and P. A. Taylor, Hacktivism and Cyberwars: Rebels with a cause? London: Routledge, 2004.",Buku
"U. J. Gelinas, Jr., S. G. Sutton, and J. Fedorowicz, Business Processes and Information Technology. Cincinnati: South-Western/Thomson Learning, 2004.",Buku
"R. Hayes, G. Pisano, D. Upton, and S. Wheelwright, Operations, Strategy, and Technology: Pursuing the competitive edge. Hoboken, NJ: Wiley, 2005.",Buku
"K. Schwalbe, Information Technology Project Management, 3rd ed. Boston: Course Technology, 2004.",Buku
"M. N. DeMers, Fundamentals of Geographic Information Systems, 3rd ed. New York: John Wiley, 2005.",Buku
"The Oxford Dictionary of Computing, 5th ed. Oxford: Oxford University Press, 2003.",Buku
"J. Voogt and G. Knezek, Eds., International Handbook of Information Technology in Primary and Secondary Education, 9th ed., 2 Vols. Philadelphia: Lea & Febiger, 1993.",Buku
"M. Bell, et al., Universities Online: A survey of online education and services in Australia, Occasional Paper Series 02-A. Canberra: Department of Education, Science and Training, 2002.",Buku
"World Bank, Information and Communication Technologies: A World Bank group strategy. Washington, DC: World Bank, 2002.",Buku
"Australian Government Information Management Office, Meeting the Demand for ICT Skills in the Australian Public Service: Report of the ICT Professional and Skills Development Taskforce. Canberra: AGIMO, 2007.",Buku
"Australia. Attorney-Generals Department., Digital Agenda Review, 4 Vols. Canberra: Attorney- General's Department, 2003.",Buku
"K. E. Elliott and C.M. Greene, ""A local adaptive protocol,"" Argonne National Laboratory, Argonne, France, Tech. Rep. 916-1010-BB, 1997.",Buku
"K. Kimura and A. Lipeles, ""Fuzzy controller component,"" U. S. Patent 14,860,040, December 14, 1996.",Buku
"""Catalog No. MWM-1, Microwave components,"" M. W. Microwave Corp., Brooklyn, NY.",Buku
"Hewlett-Packard, ""Appl. note 935,"" pp. 25-29.",Buku
"Boyle, Jimmy. The Pain of Confinement: Prison Diaries. Canongate, 1984.",Buku
"Miller, Casey, and Kate Swift. Words and Women. Updated ed., HarperCollins Publishers, 1991.",Buku
"Dollimore, Johnathon, and Keith Hall, editors. Political Shakespeare: Essays in Cultural Materialism. 2nd ed., Cornell UP, 1994.",Buku
"MacIntosh, Angus, et al. A Linguistic Atlas of Late Mediaeval English. Aberdeen UP, 1987. 4 vols.",Buku
"Newcomb, Horace, editor. Television: The Critical View. 6th ed., Oxford UP, 2000.",Buku
"Chaucer, Geoffrey. The Works of Geoffrey Chaucer. 2nd ed., edited by F. N. Robinson, Oxford UP, 1957.",Buku
"Pilger, John. Distant Voices. Vintage, 1992.",Buku
"---. A Secret Country. Cape, 1989.",Buku
"Summerfield, Geoffrey. Voices: An Anthology of Poetry and Pictures. Penguin, 1968. 3 vols.",Buku
"Moliere. Five Plays: Moliere. Translated by John Wood, Penguin, 1953.",Buku
"Australian Copyright Council. Copyright for Book Publishers: A Practical Guide. ACC, 1997.",Buku
"Australian Film Commission. Film Agency Funding in Australia: Government Assistance to the Australian Film Industry Through Federal and State Agencies to June 2002. AFC, 2004.",Buku
"Australia, Council for the Arts. Writing: Protocols for Producing Indigenous Australian Writing. 2nd ed., ACA, 2007.",Buku
"Western Australia, Office of Multicultural Interests. The Western Australian Language Services Policy 2008. OMI, 2008.",Buku
"Boyd, Fenice B., and Chinwe H. Ikpeze. ""Navigating a Literacy Landscape: Teaching Conceptual Understanding With Multiple Text Types."" Journal of Literacy Research, vol. 39, no. 2, 2007, pp. 217-248.",Jurnal
"Hallin, Daniel C. ""Sound Bite News: Television Coverage of Elections, 1968-1988."" Journal of Communication, vol. 42, no.2, 1992, pp. 5-24.",Jurnal
"Kyratsis, A. ""Talk and Interaction Among Children and the Co-construction of Peer Groups and Peer Culture."" Annual Review of Anthropology, vol. 33, 2004, pp. 231-247.",Jurnal
"Yeh, Michelle. ""The 'Cult of Poetry' in Contemporary China."" Journal of Asian Studies, vol. 55, no. 1, 1996, pp. 51-80.",Jurnal
"""The Pain of Being a Caffeine Freak."" New Scientist, vol. 172, no. 2311, 6 Oct. 2001, p.27.",Jurnal
"Hanna, K. (2007). Adsorption of aromatic carboxylate compounds on the surface of synthesized iron oxide-coated sands. Applied Geochemistry, 22, 2045-2053.",Jurnal
"Kyratsis, A. (2004).Talk and interaction among children and the co-construction of peer groups and peer culture. Annual Review of Anthropology, 33(4), 231-247.",Jurnal
"Parker, G., & Roy, K. (2001). Adolescent depression: A review. Australian and New Zealand Journal of Psychiatry, 35, 572-580.",Jurnal
"Zhang, B., Cohen, J., Ferrence, R., & Rehm, J. (2006). The impact of tobacco tax cuts on smoking initiation among Canadian young adults. American Journal of Preventive Medicine, 30, 474-479.",Jurnal
"The pain of being a caffeine freak. (2001, October 6). New Scientist, 172(2311), 27.",Jurnal
"E. P. Wigner, ""Theory of traveling wave optical laser,"" Phys. Rev., vol. 134, pp. A635-A646, Dec. 1965.",Jurnal
"J. U. Duncombe, ""Infrared navigation - Part I: An assessment of feasability,"" IEEE Trans. Electron. Devices, vol. ED-11, pp. 34-39, Jan. 1959.",Jurnal
"G. Liu, K. Y. Lee, and H. F. Jordan, ""TDM and TWDM de Bruijn networks and shufflenets for optical communications,"" IEEE Trans. Comp., vol. 46, pp. 695-701, June 1997.",Jurnal
"J. R. Beveridge and E. M. Riseman, ""How easy is matching 2D line models using local search?"" IEEE Transactions on Pattern Analysis and Machine Intelligence, vol. 19, pp. 564-579, June 1997.",Jurnal
"I. S. Qamber, ""Flow graph development method,"" Microelectronics Reliability, vol. 33, no. 9, pp. 1387-1395, Dec. 1993.",Jurnal
"E. H. Miller, ""A note on reflector arrays,"" IEEE Transactions on Antennas and Propagation, to be published.",Jurnal
"Allison, Gary W. 1999. ""The Implications of Experimental Design for Biodiversity Manipulations."" American Naturalist 153, no. 1 (January): 26-45.",Jurnal
"Hanna, K. 2007. ""Adsorption of Aromatic Carboxylate Compounds on the Surface of Synthesized Iron Oxide-coated Sands."" Applied Geochemistry 22, no. 9 (September): 2045-2053.",Jurnal
"Kerr, Stephen J., Andrea Mant, Fiona E. Horn, Kevin McGeechan, and Geoffrey P. Sayer. 2003. ""Lessons From Early Large-scale Adoption of Celecoxib and Rofecoxib by Australian General Practitioners."" Medical Journal of Australia 179, no. 8 (October): 403-407.",Jurnal
"Zhang, B., J. Cohen, R. Ferrence and J. Rehm. 2006. ""The Impact of Tobacco Tax Cuts on Smoking Initiation Among Canadian Young Adults."" American Journal of Preventive Medicine 30, no. 6 (June): 474-479.",Jurnal
"""Who Will Regulate the Veterinary Profession of the Future?"" 2004. Veterinary Record 154, no. 15 (April): 450-451.",Jurnal
"Döring, Dorothea, Anita Roscher, Fabian Scheipl, Helmut Küchenhoff, and Michael H. Erhard. 2009. ""Fear-related Behaviour of Dogs in Veterinary Practice."" The Veterinary Journal 182, no. 1 (October): 38-43. https://doi.org/10.1016/j.tvjl.2008.05.006.",Jurnal
"Elwood, C., P. Devauchelle, J. Elliott, V. Freiche, A. J. German, M. Gualtieri, E. Hall, E. Den Hertog, R. Neiger, D. Peeters, X. Roura, and K. Savary-Bataille. 2010. ""Emesis in Dogs: A Review."" Journal of Small Animal Practice 51, no. 1 (January): 4-22. https://doi.org/10.1111/j.1748-5827.2009.00820.x.",Jurnal
"McCoy, T. 2010. ""Are Antihistamines Effective in Canine Atopy?"" Veterinary Medicine 105, no. 10 (October): 464. ProQuest.",Jurnal
"Oskouizadeh, K., T. Zahraei-Salehi, and S. J. Aledavood. 2010. ""Detection of Bartonella henselae in Domestic Cats' Saliva."" Iranian Journal of Microbiology 2, no. 2 (June): 80-84. CAB Abstracts Full Text Select.",Jurnal
"van Vuren, Petrus Jansen, and Janusz T. Paweska. 2010. ""Comparison of Enzyme-linked Immunosorbent Assay-based Techniques for the Detection of Antibody to Rift Valley Fever Virus in Thermochemically Inactivated Sheep Sera."" Vector-Borne and Zoonotic Diseases 10, no. 7 (September): 697-699. https://doi.org/10.1089/vbz.2009.0213.",Jurnal
"Meng, X. J., B. Wiseman, F. Elvinger, D. K. Guenette, T. E. Toth, R. E. Engle, S. U. Emerson, and R. H. Purcell. 2002. ""Prevalence of Antibodies to Hepatitis E Virus in Veterinarians Working with Swine and in Normal Blood Donors in the United States and Other Countries."" Journal of Clinical Microbiology 40, no. 1 (January): 117-122. https://doi.org/10.1128/JCM.40.1.117-122.2002.",Jurnal
"Bisias, G., A. Burriel, S. Boutsini, S. Kritas, and L. Leontides. 2010. ""A Serological Investigation Of Some Abortion Causes Among Small Ruminant Flocks In Greece."" The Internet Journal of Veterinary Medicine 8 (2): 27+. http://www.ispub.com/journal/the_internet_journal_of_veterinary_medicine/volume_8_number_2_27/article/a-serological-investigation-of-some-abortion-causes-among-small-ruminant-flocks-in-greece.html.",Jurnal
"Altobelli, T. (2009). Family violence and parenting: Future directions in practice. Australian Journal of Family Law, 23, 194. Retrieved January 22, 2010, from LexisNexis AU.",Jurnal
"Borman, W. C., Hanson, M. A., Oppler, S. H., Pulakos, E. D., & White, L. A. (1993). Role of early supervisory experience in supervisor performance. Journal of Applied Psychology, 78, 443-449. doi:10.1037/0021-9010.78.3.443",Jurnal
"Gilbert, D. G., Mc Clernon, J. F., Rabinovich, N. E., Sugai, C., Plath, L.C., Asgaard, G., ... Botros, N. (2004). Effects of quitting smoking on EEG activation and attention last for more than 31 days and are more severe with stress, dependence, DRD2 A1 allele, and depressive traits. Nicotine and Tobacco Research, 6, 249-267. doi:10.1080/14622200410001676305",Jurnal
"Patton, G. C., et al. (1996). Is smoking associated with depression and anxiety in teenagers? American Journal of Public Health, 86, 225+. Retrieved November 20, 2001, from ProQuest.",Jurnal
"Vogels, A. G. C., Crone, M. R., Hoekstra, F., & Reijneveld, S.A. (2009).  Comparing three short questionnaires to detect psychosocial dysfunction among primary school children: a randomized method. BMC Public Health, 9, 489. doi:10.1186/1471-2458-9-489",Jurnal
"Bond, L., Carlin, J. B., Thomas, L., Rubin, K., & Patton, G. (2001). Does bullying cause emotional problems? A prospective study of young teenagers. BMJ, 323, 480-484. doi:10.1136/bmj.323.7311.480",Jurnal
"Sillick, T. J., & Schutte, N. S. (2006). Emotional intelligence and self-esteem mediate between perceived early parental love and adult happiness. E-Journal of Applied Psychology, 2(2), 38–48. Retrieved from http://ojs.lib.swin.edu.au/index.php/ejap/article/view/71/100",Jurnal
"H. K. Edwards and V. Sridhar, ""Analysis of software requirements engineering exercises in a global virtual team setup,"" Journal of Global Information Management, vol. 13, no. 2, p. 21+, April-June 2005. [Online]. Available: Academic OneFile, http://find.galegroup.com. [Accessed May 31, 2005].",Jurnal
"A. Holub, ""Is software engineering an oxymoron?"" Software Development Times, p. 28+, March 2005. [Online]. Available: ProQuest, http://il.proquest.com. [Accessed May 23, 2005].",Jurnal
"H. Ayasso and A. Mohammad-Djafari, ""Joint NDT Image Restoration and Segmentation Using Gauss–Markov–Potts Prior Models and Variational Bayesian Computation,"" IEEE Transactions on Image Processing, vol. 19, no. 9, pp. 2265-77, 2010. [Online]. Available: IEEE Xplore, http://www.ieee.org. [Accessed Sept. 10, 2010].",Jurnal
"[4] A. Altun, ""Understanding hypertext in the context of reading on the web: Language learners' experience,"" Current Issues in Education, vol. 6, no. 12, July 2003. [Online]. Available: http://cie.ed.asu.edu/volume6/number12/. [Accessed Dec. 2, 2004].",Jurnal
"P. H. C. Eilers and J. J. Goeman, ""Enhancing scatterplots with smoothed densities,"" Bioinformatics, vol. 20, no. 5, pp. 623-628, March 2004. [Online]. Available: www.oxfordjournals.org. [Accessed Sept. 18, 2004].",Jurnal
"Holmes, Christopher. ""The Limits of World Literature."" Literature Compass, vol. 13, no. 9, 2016, pp. 572–584. Wiley Online, doi: 10.1111/lic3.12338.",Jurnal
"Hill, Thomas D. ""Beowulf's Roman rites: Roman ritual and Germanic tradition."" The Journal of English and Germanic Philology, vol. 106, no. 3, pp. 325-335. Academic OneFile, go.galegroup.com/ps/i.do?p=AONE&sw=w&u=murdoch&v=2.1&id=GALE%7CA406902269&it=r&asid=9907188cb862743c5dc1c89bbd48ff1a.",Jurnal
"Spencer, H.L. ""Book and Verse: A Guide to Middle English Biblical Literature."" Review of English Studies, vol. 52, no. 206, 2001, p. 249, Abstract. ProQuest, search.proquest.com.libproxy.murdoch.edu.au/docview/204775920?accountid=12629.",Jurnal
"Chartier, Roger. ""Everything and Nothing: The Many Lives of William Shakespeare."" Journal of Early Modern Studies, vol. 5, 2016, pp. 17-26, doi:10.13128/JEMS-2279-7149-18066.",Jurnal
"Etherington, Ben, and  Jarad Zimbler. ""Field, Material, Technique: On Renewing Postcolonial Literary Criticism."" The Journal of Commonwealth Literature, vol. 49, no. 3, pp. 279-297, doi: 10.1177/0021989414538435.",Jurnal
"Australia, Department of Arts and Culture. Australian Best Practice Guide to Collecting Cultural Material, The Dept., 2015, www.arts.gov.au/publications/australian-best-practice-guide-collecting-cultural-material.",Web
"Miranti, Riyana, et al. Calling Australia Home: The Characteristics and Contributions of Australia's Migrants. NATSEM, 2010, www.natsem.canberra.edu.au/storage/AMP_NATSEM_27.pdf.",Web
"Australian Bureau of Statistics. ""Literature and Print Media."" Arts and Culture in Australia: A Statistical Overview (cat. no. 4172.0). ABS, 2014, www.abs.gov.au/ausstats/abs@.nsf/Lookup/4172.0main+features142014.",Web
"Western Australia, Office of Multicultural Interests. Language Services Policy 2014 and Guidelines. OMI, 2014, www.omi.wa.gov.au/resources/publications/Languages/Language_Services_Policy_2014.pdf.",Web
Library Board of Western Australia Act 1951 (WA). www.legislation.wa.gov.au/legislation/prod/filestore.nsf/FileURL/mrdoc_25612.pdf/$FILE/Library Board of Western Australia Act 1951 - [04-f0-04].pdf?OpenElement.,Web
"Jane Austen Society of North America. Austen on Film, 24 Aug. 2015, www.jasna.org/info/about_austen.html.",Web
"University of Virginia, Institute for Advanced Technologies in the Humanities. The World of Dante, 1996-2017, www.worldofdante.org/index.html",Web
"Rushdie, Salman. Salman Rushdie Official Author Site, 2017, www.salmanrushdie.com/",Web
"Morris, Sylvia. ""Anticipating Macbeth on Film."" The Shakespeare Blog, 9 Jun. 2015, theshakespeareblog.com/2015/06/anticipating-macbeth-on-film/.",Web
Australian Pesticides and Veterinary Medicines Authority. 2003. Australian Agricultural and Veterinary Chemicals Management System: A Report to Government by the APVMA - June 2003. Canberra: APVMA. http://www.apvma.gov.au/publications/reports/docs/registration_review_report_,Web
"Shiell, Kevin. 2006. Animal Welfare Inventory Report to AAWS - Livestock Production Working Group. http://www.daff.gov.au/__data/assets/pdf_file/0014/152105/aaws_stocktake_livestock_prod.pdf.",Web
"Australian Bureau of Statistics. 2001. Veterinary Services, Australia, 1999-2000 (cat. no. 8564.0). AusStats, http://www.abs.gov.au/ausstats/abs@.nsf/mf/8564.0/.",Web
"Australia. Department of Agriculture, Fisheries and Forestry. 2003. Quarantine Requirements for the Importation of Live Laboratory Rats and Mice and Their Reproductive Material. http://www.daff.gov.au/__data/assets/pdf_file/0016/13822/2003-06a.pdf.",Web
"Tudor, Ken. 2015. ""Protecting pets in abusive human relationships."" The Daily Vet (blog), June 9, 2015. http://www.petmd.com/blogs/thedailyvet/ken-tudor/2015/june/pets-abusive-human-relationships-32819.",Web
"Murray, G. (2005). A duty of care to children and young people in Western Australia: Report on the quality assurance and review of unsubstantiated allegations of abuse in care: 1 April 2004 to 12 September 2005. Retrieved from Western Australia, Department of Child Protection website: http://www.community.wa.gov.au/NR/rdonlyres/851183A4-A822-4592-AB66-C410E453AEEC/0/DCDRPTGwennMurrayreportwithcover2006.pdf",Web
How to cite references (1996). Retrieved from Murdoch University Library: http://wwwlib.murdoch.edu.au/find/citation/,Web
"Australian Bureau of Statistics. (1997). Mental health and wellbeing: Profile of adults, Western Australia (cat. no. 4326.5). Retrieved from AusStats: http://www.abs.gov.au/ausstats",Web
Australia. Department of Health and Aged Care. (2000). National youth suicide prevention strategy. Retrieved from http://www.health.gov.au/hsdd/mentalhe/sp/nysps/about.htm,Web
"Goldberg, I. (2000). Dr. Ivan's depression central. Retrieved from http://www.psycom.net/depression.central.html",Web
"Flower, R. (2015, June 1). How a simple formula for resolving problems and conflict can change your reality [Blog post]. Pick The Brain. Retrieved from http://www.pickthebrain.com/blog/how-a-simple-formula-for-resolving-problems-and-conflict-can-change-your-reality/",Web
"European Telecommunications Standards Institute, “Digital Video Broadcasting (DVB): Implementation guidelines for DVB terrestrial services; transmission aspects,” European Telecommunications Standards Institute, ETSI TR-101-190, 1997. [Online]. Available: http://www.etsi.org. [Accessed: Aug. 17, 1998].",Web
"“A ‘layman’s’ explanation of Ultra Narrow Band technology,” Oct. 3, 2003. [Online]. Available: http://www.vmsk.org/Layman.pdf. [Accessed: Dec. 3, 2003].",Web
"Australian Bureau of Statistics, Engineering Construction Activity (cat. no. 8762.0). Canberra: ABS, 2010. [Online]. Available from AusStats,  http://www.abs.gov.au/ausstats. [Accessed: Sept. 7, 2010].",Web
"Australia. Department of of Education, Employment and Workplace Relations, Survey on Changes in Awareness and Understanding of Science, Engineering and Technology: Report on findings. Canberra: The Department; 2008. [Online]. Available: http://www.dest.gov.au/NR/rdonlyres/241263CF-8585-4EEC-B104-C947C6C18029/23713/ SurveyonChangesinawarenessunderstandingofSET.pdf. [Accessed: Sept. 7, 2010].",Web
"Australian Energy Market Act 2004 (Cth). [Online]. Available: https://www.legislation.gov.au/Series/C2004A01335. [Accessed: Apr. 11, 2019].",Web
"Alumina Refinery Agreement Act 1961 (WA). [Online]. Available: https://www.legislation.wa.gov.au/legislation/prod/filestore.nsf/FileURL/mrdoc_26707.pdf/$FILE/Alumina%20Refinery%20Agreement%20Act%201961%20-%20%5B03-a0-03%5D.pdf?OpenElement. [Accessed: Apr. 11, 2019].",Web
"G. Sussman, ""Home page - Dr. Gerald Sussman,"" July 2002. [Online]. Available: http://www.comm.pdx.edu/faculty/Sussman/sussmanpage.htm. [Accessed: Sept. 12, 2004].",Web
"J. Geralds, ""Sega Ends Production of Dreamcast,"" vnunet.com, para. 2, Jan. 31, 2001. [Online]. Available: http://nl1.vnunet.com/news/1116995. [Accessed: Sept. 12, 2004].",Web
"J. A. Specavek, ""Fracking and the Stresses it Adds to Railroads,"" It's the Rheo Thing, May 18, 2015. [Online]. Available: http://www.rheothing.com/2015/05/fracking-and-stress-adds-to-railroads.html. [Accessed: Jun. 9, 2015].",Web
"Cancer Council 2017, Causes of cancer, Cancer Council, viewed 21 May 2018,   <https://www.cancer.org.au/about-cancer/causes-of-cancer/>.",Web
"The Guardian view on Jeremy Corbyn and Ireland: all about the border 2018, The Guardian, viewed 24 May 2018,  <https://www.theguardian.com/commentisfree/2018/may/24/the-guardian-view-on-jeremy-corbyn-and-ireland-all-about-the-border>.",Web
"Brown, S n.d., 12 ways to save money by using what you’ve got on hand, viewed 29 May 2018, <https://www.stayathomemum.com.au/my-money/money-saving-tips/dozen-hidden-ways-youre-saving-money-didnt-even-realise/>.",Web
"Dugdale, S,  Holeton, R,  Finkelstein, A,  Johnston, J & Smith, R 2018, 7 Things you should know about emerging classroom technologies, Educause, viewed 29 June 2018, <https://library.educause.edu/resources/2018/4/7-things-you-should-know-about-emerging-classroom-technologies>.",Web
"Australian Building Codes Board 2017, Watermark Certification Scheme, Department of Industry, Innovation and Science, Canberra, viewed 21 May 2018, <https://www.abcb.gov.au/Resources/Publications/Certification/WaterMark-Brochure>.",Web
"Department of the Prime Minister and Cabinet 2018, Closing the gap - Prime Minister's report 2018, Department of the Prime Minister and Cabinet, Canberra, viewed 13 February, <https://www.pmc.gov.au/sites/default/files/reports/closing-the-gap-2018/sites/default/files/ctg-report-20183872.pdf?a=1>.",Web
"Bentliff, G. and O’Donovan, T. (1998) Diffusion artefacts of scanning tunnelling electron microscopy. Fifth International Workshop of Electron Microscopic Techniques. Humbolt, Canada.",Seminar
"Garling, H., Garling, 0. and Slattery Z. (1997) Disposal of the products of fermentation. Second European Conference on Catabolytes. Rogera, Spain.",Seminar
"Bickman, L., & Ellis, H. (Eds.). (1990). Preparing psychologists for the 21st century: Proceedings of the National Conference on Graduate Education in Psychology, University of Utah, 1988. Hillsdale, NJ: L. Erlbaum.",Seminar
"Brown, S., & Caste, V. (2004, May). Integrated obstacle detection framework. Paper presented at the IEEE Intelligent Vehicles Symposium, Detroit, MI.",Seminar
"Balakrishnan, R. (2006, March 25-26). Why aren't we using 3d user interfaces, and will we ever? Paper presented at the IEEE Symposium on 3D User Interfaces. doi:10.1109/VR.2006.148",Seminar
"Wilkinson, R. (1999). Sociology as a marketing feast. In M. Collis, L. Munro, & S. Russell (Eds.), Sociology for the New Millennium. Paper presented at The Australian Sociological Association, Monash University, Melbourne, 7-10 December (pp. 281-289). Churchill, VIC: Celts.",Seminar
"Tomscha, S 2017, ‘Wetlands for people and place: developing a blueprint for ecosystem service restoration in wetlands’, paper presented at the EIANZ Annual Conference, Tu Kaha: Stand tall, Wellington, New Zealand, 29 October -1 November 2017.",Seminar
"H. Curry, ""The playful library cocktail: Librarians shaken but not stirred,"" presented at CAVAL Reference Interest Group Seminar, Recipes for the Information Literacy melting pot: Traditional ingredients with a modern flavour, Melbourne, Australia, 2012.",Seminar
"Jones, D. (1999) ‘Developing big business’, Large firms policy and research conference. University of Birmingham, 18-19 December. Leeds: Institute for Large Businesses.",Seminar
"Bird, R & Smart, M 2010, ‘Assigning state taxes in a federal country: the case of Australia’, Melbourne Institute – Australia’s future tax and transfer policy conference proceedings of a conference, Melbourne Institute of Applied Economic and Social Research, Melbourne, pp. 72-94.",Seminar
"Fan, W, Gordon, MD & Pathak, R 2000, ‘Personalization of search engine services for effective retrieval and knowledge management’, Proceedings of the twenty-first international conference on information systems, pp. 20-34. Available from: ACM Portal: ACM Digital Library. [24 June 2004].",Seminar
"Bowden, FJ & Fairley, CK 1996, ‘Endemic STDs in the Northern Territory: estimations of effective rates of partner exchange’, paper presented to the Scientific Meeting of the Royal Australian College of Physicians, Darwin, 24-25 June.",Seminar
"Rowling, L. (1993, September). Schools and grief: How does Australia compare to the United States. In Wandarna coowar: Hidden grief. Paper presented at the Proceedings of the 8th National Conference of the National Association for Loss and Grief (Australia), Yeppoon, Queensland (pp. 196-201). Turramurra, NSW: National Association for Loss and Grief.",Seminar
"Armstrong, D. B., Fogarty, G. J., & Dingsdag, D. (2007). Scales measuring characteristics of small business information systems. In W-G. Tan (Ed.), Proceedings of Research, Relevance and Rigour: Coming of age: 18th Australasian Conference on Information Systems (pp. 163-171). Toowoomba, Australia: University of Southern Queensland.",Seminar
"Game, A. (2001). Creative ways of being. In J. R. Morss, N. Stephenson & J. F. H. V. Rappard (Eds.), Theoretical issues in psychology: Proceedings of the International Society for Theoretical Psychology 1999 Conference (pp. 3-12). Sydney: Springer.",Seminar
"Santhanam, E., Martin, K., Goody, A., & Hicks, O. (2001, February). Bottom-up steps towards closing the loop in feedback on teaching: A CUTSD project. Paper presented at Teaching and Learning Forum - Expanding horizons in teaching and learning, Perth, Australia.",Seminar
"Singh, Kamal, and Gary Best. 2004. ""Film Induced Tourism: Motivations of Visitors to the Hobbiton Movie Set as Featured in 'The Lord of the Rings'."" In Proceedings of the 1st International Tourism and Media Conference, Melbourne, 2004, 98-111. Melbourne: Tourism Research Unit, Monash University.",Seminar
"Beckermann, M. 2010. ""Regeneration Following Traumatic Brain Injury: Signals, Signposts and Scaffolds."" Paper presented at the Biomedical Sciences and Engineering Conference (BSEC), Oak Ridge National Laboratory, Oak Ridge, TN, May 25-26, 2010. https://doi.org/10.1109/BSEC.2010.5510841.",Seminar
"Hall, Kira, Michael Meacham, and Richard Shapiro, ed. 1989. Proceedings of the Fifteenth Annual Meeting of the Berkeley Linguistics Society: General Session and Parasession on Theoretical Issues in Language Reconstruction, February 18-20, 1989. Berkeley, CA: Berkeley Linguistics Society.",Seminar
Regional workshop on best practices in disaster mitigation,Seminar
"Winarto, Y.T., H. Prahara, E. Anantasari, and Kristiyanto with comments by C.J. Stigter. 2010. Rural response to climate change: Rainfall measurements by farmers in Java. Paper presented in the international seminar and workshop on: ",Seminar
"Peirce, W. 2004. Metacognition: Study Strategies, Monitoring, and Motivation. A greatly expanded text version of a workshop presented November 17, 2004, at Prince George's Community College. http:// academic. pgcc. edu/~wpeirce/MCCCTR/metacognition.htm. Diakses 14-06-08",Seminar
www.bakosurtanal.go.id/bakosurtanal/workshop-dampak-kenaikan-permukaan-laut-pada-lingkungan-pantai-indonesia-2/#. Diakses pada 13 juni 2012.,Seminar
": Proposal for a workshop ECPR joint sessions of workshops Warsaw, Poland. Diakses pada tanggal 19 November 2015.",Seminar
"WWF-Hongkong. 2003. Marine Mammals. In Marine mammals survey techniques. Proceedings of the workshop on Cetacean Spesies Identification.Marine Mammals Survey Techniques and review of Regional Knowledge, 29-30 Januari 2003. Jakarta. Indonesia. Departemen Kelautan dan Periakan dan WWF-Indonesia. Jakarta, Indonesia.",Seminar
"Samara, T. (2005). Making and breaking the grid: A graphic design layout workshop. Beverly: Rockport Publishers.",Seminar
"Ahmad T, Mumtaz A, Ahmad D, Rashid N. Lead exposure in children living around the automobile and battery repair workshops. Biomedica 2009;25:128-32.",Seminar
Deputi Bidang Pemasaran Dan Jaringan Usaha Kementerian Koperasi dan UKM. (2006). Buku proceeding: Bursa kemitraan workshop dan temu bisnis.,Seminar
"Granfinkel, S. L (2002). Adopting fair information practices to low cost RFID system. Paper presented at Ubiquitous Computing 2002, Privacy workshop. Diakses dari",Seminar
com/2012/03/materi-workshop.pdf(Diakses tanggal 2,Seminar
"Karsidi, A. 2011. Bakosurtanal: Dampak Kenaikan Permukaan Laut pada Lingkungan Pantai Indonesia. Workshop Dampak Kenaikan Permukaan Laut pada Lingkungan Pantai Indonesia. 27 April 2011. IPB International Convention Center Bogor. http://www.bakosurtanal.go.id/bakosurtanal/workshop-dampak-kenaikan-permukaan-laut-pada-lingkungan-pantai-indonesia-2/ diakses 18 Mei 2011",Seminar
"Bazzano LA. Dietary intake of fruit and vegetables and risk of diabetes mellitus and cardiovascular diseases. Background paper for the joint FAO/WHO workshop on fruit and vegetables for health; 2004 Sep1-3; Kobe, Japan.",Seminar
"Dijk, Cees Van, 2002. Magic and Violence, Paper presented at the 13th annual workshop ""European Social Science Java Network (ESSJN): Youth and Identity"", Marseilles, 2-4 May 2002",Seminar
"Ahimsa-Putra, H.S., “The Living al-Qur’an: Beberapa Perspektif Antropologi,” makalah workshop, 2007.",Seminar
"Murphy, A. R. (1995). From Practice to Performance: A manual teacher training workshop activities. Washington D.C: ELPD.",Seminar
Sulistyo-Basuki. (2010) “Revitalisasi Pendidikan dan Profesi Pustakawan” makalah workshop Revitalisasi dan Profesi Pustakawan di FISIP UNS 21 Desember.,Seminar
"Koenig, J.A. (2011). Assessing 21st century skills: summary of a workshop. Washington, DC: The National Academies Press.",Seminar
http://misrc.umn.edu/workshops/2003/spring/Tallon_042503.pdf.,Seminar
"Xia, W. & King, W. R. (2004). Antecedents of Organizational IT Infrastructure Capabilities. Diakses dari http://www.misrc.umn.edu/workshops/2004/fall/weidong.pdf.",Seminar
"Hoekstra, P., Lindeboom, H., Bak, R., Bergh, G. V. D., Tiwi, D. A., Kiswara, W., Meesters, E., Noor, Y., Sukmantalya, N., Nuraini, S., & Weering, T.V. (2002). An Integrated Coastal Zone Management Study. Staple (Ed.) Scietific Programme Indonesia-Netherlands Procesings of a workshop held on February 12th 2002. Bandung. Indonesia. p: 59-70.",Seminar
"[1]D. Povey, et al. ""The Kaldi speech recognition toolkit."" IEEE 2011 workshop on automatic speech recognition and understanding. No. EPFL-CONF-192584. IEEE Signal Processing Society, 2011.",Seminar
"Arlow, J., Emmerich,W., & Quinn, J. (1999). Literate modeling-capturing business knowledge with the UML. The Unified Modeling Language: first international workshop selected paper/UML ’98: Beyond the Notation, 189-199. London: Springer-Verlag.",Seminar
"Hitz, M., Kappel, G. (1999). Developing with UML some pitfalls and workarounds. The Unified Modeling Language: first international workshop selected paper/UML ’98: Beyond the Notation, 9-20. London: Springer-Verlag.",Seminar
"Green, C. (2004). Design it Yourself: Graphic workshop. Massachusetts: Rockport.",Seminar
"Madiyono B, Rahayuningsih SE. Penanganan penyakit jantung anak di Indonesia. Seminar dan workshop kardiologi sehari. Menuju cardiac centre yang handal. Penanganan penyakit jantung anak di Indonesia. RSUP Dr. Sardjito - OLVG - FK UGM; 2000.",Seminar
Proceedings of the first international workshop on mobile vision,Seminar
"Chee PE. 2000. Fishcode management: Supplement to the report of a workshop on the fishery and management of a short mackerel (Rastrelliger spp.) on the West Coast of Peninsular Malaysia. FAO, Rome (IT).",Seminar
"Gjerde, K. M., Breide, C., & Fund, W. W. (2003). Areas IWCoP. Towards a strategy for high seas marine protected areas. In: Proceedings of the IUCN, WCPA and WWF experts workshop on high seas marine protected areas, 15–17 January 2003, Malaga, Spain: IUCN.",Seminar
"Rachmajanti, S. (2017). Building cultural awareness and critical thinking skills through project-based task: a workshop for Indonesian context. ",Seminar
summary of the workshop sponsored by the National,Seminar
"Christophe, C., & Carsten, F. (2008). Alternative taxiing means – engines stopped. Presented at the Airbus workshop on “Alternative taxiing means – Engines stopped”. ",Seminar
"Clark W, Christopher K. 2001. An introduction to DNA: spectrophotometry, degradation, and the 'Frankengel experiment. In Karcher SJ, editor. Proceedings of the 22nd workshop/conference of the association for biology laboratory education (ABLE); 2001; University of Alberta; Alberta, Canada.",Seminar
"Seno, A., 2008. Pengembangan Industri Furniture di Indonesia. Makalah workshop Pengembangan Keunggulan Lokal Program Studi Teknologi Hasil Hutan. Fakultas Kehutanan Universitas Gadjah Mada, Yogyakarta.",Seminar
"Raju, T.N.K., Higgins, R.D., Stark, A.R., & Leveno, K.J. (2006). Optimizing care and outcome for late preterm (near term) infants: A summary of the workshop sponsored by the National Institute of Child Health and Human Development. Pediatrics, 118, 1207–1214.",Seminar
"during a workshop at 82 Division, Nigerian Army, Enugu, Enugu state, Nigeria.",Seminar
"Marpaung. 2006. “Pendekatan Psikologi dan Budaya untuk meningkatkan kualitas pendidikan Matematika”. Makalah workshop lokal PMRI, 15 – 17 Juni 2006, Yogyakarta.",Seminar
"Mboi, Ben. 2009b. “Sekelumit “sejarah” terbentuknya Propoinsi Nusa Tenggara Timur: Flobamora di tengah persendian paruh abad pertama dan kedua Nusa Tenggara Timur menatap paruh-abad kedua 2008-2058”. [Paper, International workshop and seminar “Sustainable Development Strategy for the Secondary Cities”, Pangkalpinang, Bangka, 20-22 April 2009.]",Seminar
"Meyer,” Authentic Assessment”. http://.learner.org/channel/workshop/socialstudies/pdf/session7/7.performance assessment. Pdf (diunduh tanggal 20 April 2010).",Seminar
"[5] Steinbach, Michael, George Karypis, dan Vipin Kumar. ""A comparison of document clustering techniques."" KDD workshop on text mining. Vol. 400. No. 1. 2000.",Seminar
"Lindhe J, Meyle J. Peri-implant diseases: concensus report of the sixth european workshop on periodontology. J Clin Periodontol 2008; 35 (Suppl. 8): 282–5.",Seminar
workshop on infantile hemangiomas. Pediatr Dermatol,Seminar
"Azdan, D. 2011. Overview of Indonesia Water System and Policies. Presented at the workshop Sustainable Water Management for Agriculture, organized by the Ministry of Agriculture, Jakarta December 13, 2011: 1-15 p.",Seminar
"Reddy, M.P.M. (1993). Influence of the Various Oceanographic Parameters on the Abundance of Fish Catch. Proceeding of International workshop on Apllication of Satellite Remote Sensing for Identifying and Forecasting Potential Fishing Zones in Developing Countries, India, 7 -11 December 1993",Seminar
"SEAFDEC, South East Asia Fisheries Department. (2006). The regional training workshop on larval fish identification and fish early life history science.",Seminar
"K. Hedström and A. Grönlund, “The quest for development: reviewing ICT4D research,” GlobDev 2008: Proceedings annual workshop of the AIS, vol. Paper 24, 2008.",Seminar
"Ayu. 2012. Workshop Batik. (http://www.craftworkshopbali.com/workshops/batik/, diakses 14 Mei 2014).",Seminar
"Zainuddin, Mohd Zambri and Mohd Saiful Anwar Mohd Nawawi, Analisa Kriteria Kenampakkan Hilal Bagi Data 1972 Hingga 2011 Di Malaysia. a presented paper in international workshop Penyatuan Kalender Hijriyah : Sebuah Upaya Pencarian Kriteria Hilal yang Objektif Ilmiah, SemarangTo Wards Hijriah’s Calender Unification; an effort for seeking crescent’s criteria, scientifically and objectively, Desember, 12th 2012.",Seminar
workshop report. Bethesda: National Institutes of,Seminar
MIT Libraries. (2003). Survey of Institutional Readiness Checklist. MIT Libraries. Retrieved from http://www.dpworkshop.org/sites/default/files/readiness.pdf,Seminar
"CTI Interim-Regional Secretariat. (2013). Summary report: Coral triangle initiative on coral reefs, fisheries and food security.2nd Regional Priorities workshop, Manado, Indonesia.",Seminar
"Wu PS, Chou P, Chang NT, Sun WJ, Kuo HS. Assessment of changes in knowledge and stigmatization following tuberculosis training workshops in Taiwan. J Formos Med Assoc. 2009;108(5):377–85. doi: 10.1016/S0929-6646(09)60081-4.",Seminar
